,imdb_title_id,title,original_title,year,date_published,genre,duration,country,language,director,writer,production_company,actors,description,avg_vote,votes,budget,usa_gross_income,worlwide_gross_income,metascore,reviews_from_users,reviews_from_critics
61024,tt1702014,Hoje Eu Quero Voltar Sozinho,Hoje Eu Quero Voltar Sozinho,2014,10-04-14,"Drama, Romance",96,Brazil,Portuguese,Daniel Ribeiro,Daniel Ribeiro,Lacuna Filmes,"Ghilherme Lobo, Fabio Audi, Tess Amorim, Lúcia Romano, Eucir de Souza, Selma Egrei, Isabela Guasco, Victor Filgueiras, Pedro Carvalho, Guga Auricchio, Bárbara Pereira, Matheus Abreu, Naruna Costa, Julio Machado, Renata Novaes","Leonardo is a blind teenager searching for independence. His everyday life, the relationship with his best friend, Giovana, and the way he sees the world change completely with the arrival of Gabriel.",7.9,22344,,$ 101451,$ 1207841,71,72,109
61067,tt1705772,Mankatha,Mankatha,2011,31-08-11,"Action, Crime, Thriller",155,India,Tamil,Venkat Prabhu,Venkat Prabhu,Cloud Nine Movies,"Ajith Kumar, Arjun Sarja, Trisha Krishnan, Premgi Amaren, Vaibhav Reddy, Anjali, Andrea Jeremiah, Raai Laxmi, Aravind Akash, Ashwin Kakumanu, Mahat Raghavendra, V. Jayaprakash, Subbu Panchu, Boys Rajan, Ramya Subramanian",A game of chase and get chased ensues after a suspended cop is betrayed by two men who helped him and another officer rob cricket betting money.,7.6,12372,INR 400000000,,$ 1373444,,49,4
61086,tt1707386,Les Misérables,Les Misérables,2012,31-01-13,"Drama, History, Musical",158,"UK, USA",English,Tom Hooper,"William Nicholson, Alain Boublil",Universal Pictures,"Hugh Jackman, Russell Crowe, Anne Hathaway, Amanda Seyfried, Sacha Baron Cohen, Helena Bonham Carter, Eddie Redmayne, Aaron Tveit, Samantha Barks, Daniel Huttlestone, Cavin Cornwall, Josef Altin, Dave Hawley, Adam Jones, John Barr","In 19th-century France, Jean Valjean, who for decades has been hunted by the ruthless policeman Javert after breaking parole, agrees to care for a factory worker's daughter. The decision changes their lives forever.",7.6,302721,$ 61000000,$ 148809770,$ 441809770,63,976,507
61032,tt1703049,Trigun: Badlands Rumble,Trigun: Badlands Rumble,2010,24-04-10,"Animation, Action, Sci-Fi",90,Japan,Japanese,Satoshi Nishimura,"Yasuhiro Nightow, Satoshi Nishimura",Flying Dog,"Masaya Onosaka, Hiromi Tsuru, Satsuki Yukino, Show Hayami, Bin Shimada, Maaya Sakamoto, Tsutomu Isobe, Fumihiko Tachiki, Kikuko Inoue, Nobuo Tobita, Taiten Kusunoki, Charles Baker, Robert Bell, Christopher Bevins, Ed Blaylock","20 years after meddling into the bank heist of a notorious robber named Gasback, Vash the Stampede is heading towards Macca City. Rumors say that the legendary thief might appear there ...",7.5,4772,,$ 62027,$ 193458,,7,12
61083,tt1706691,Playing the Moldovans at Tennis,Playing the Moldovans at Tennis,2012,22-06-12,"Comedy, Drama",100,"UK, Moldova","English, Romanian","Tony Hawks, Mikolaj Jaroszewicz",Tony Hawks,Tony Hawks Productions,"Tony Hawks, Anatol Durbalã, Igor Babiac, Ana Chirita, Stephen Frost, Silvia Luca, Viorel Cornescu, Morwenna Banks, Angus Deayton, Laura Solon, Inna Cebotari, Igor Caras, Sandu Grecu, Ion Grosu, Peter Bailey",Comedian Tony Hawks is set the challenge of beating at tennis all 11 of the Moldovan international footballers who lost 4-0 to England at Wembley.,7.5,284,GBP 250000,,,,2,
61063,tt1705120,Love.net,Love.net,2011,01-04-11,"Drama, Romance",109,Bulgaria,"Bulgarian, English",Ilian Djevelekov,"Nelly Dimitrova, Matey Konstantinov",Miramar Film,"Hristo Shopov, Zachary Baharov, Lilia Marvilya, Koyna Ruseva, Diana Dobreva, Dilyana Popova, John Lawton, Lora Cheshmedjieva, Yordanka Kuzmanova, Vladimir Penev, Teodor Avramov, Mick Box, Delyan Dabov, Evgenia Vasileva, Yordan Slaveikov",Follows the parallel stories of a number of characters who are trying to change their lives via the Internet or are simply having fun online.,7.4,3584,,,$ 925498,,8,6
61051,tt1704137,Ashta Chamma,Ashta Chamma,2008,05-09-08,Comedy,126,India,Telugu,Mohana Krishna Indraganti,Mohana Krishna Indraganti,Art Beat Capital,"Nani, Swathi Reddy, Srinivas Avasarala, Tanikella Bharani, Bhargavi, Hema, Jhansi, Madhumani, Ragini, Sivannarayana, Inturi Vasu, Rachakonda Vidyasagar",Ashtachemma Lavanya (Colors Swati) is a hardcore fan of hero Mahesh Babu. And her ambition is to marry hero Mahesh. But her heart is broken when Mahesh married Namrata Sirodkar. She lowers ...,7.3,751,,,,,4,1
61068,tt1705786,Cosa piove dal cielo?,Un cuento chino,2011,23-03-12,"Comedy, Drama",93,"Argentina, Spain","Spanish, Mandarin",Sebastián Borensztein,Sebastián Borensztein,Aliwood Mediterráneo Producciones,"Ricardo Darín, Ignacio Huang, Carolina Hsu, Muriel Santa Ana, Pablo Seijo, Iván Romanelli, Derli Prada, Joaquín Bouzas, Gustavo Comini, Pochi Ducasse, Liliana Cuomo, Claudio Torres, Sebastián Codega, Yu Sheng Liao, Eduardo Jin Lin",A well-ordered hardware store owner in Buenos Aires will see his life turn upside down when he helps a stranded Chinese man who doesn't speak a word of Spanish find his uncle in the bustling city. But can this coexistence bear fruit?,7.3,16880,$ 5000000,,$ 10911008,,25,76
61074,tt1706433,Zhit,Zhit,2010,09-12-10,"Action, Crime, Drama",74,Russia,Russian,Yuriy Bykov,Yuriy Bykov,,"Vladislav Toldykov, Denis Shvedov, Sergey Belyaev, Aleksey Komashko, Sergey Sosnovskiy, Konstantin Strelnikov, Sergey Zharkov","An ordinary hunter accidentally helps a criminal to escape from his accomplices. Two completely different men tries to reach a distant city, but the price of life will be truly terrifying.",7.2,1441,,,$ 11661,,4,5
61053,tt1704144,Gaganam,Gaganam,2011,11-02-11,"Action, Crime, Thriller",120,India,Telugu,Radha Mohan,"Umarji Anuradha, Radha Mohan",Matinee Entertainments,"Nagarjuna Akkineni, Prakash Raj, Poonam Kaur, Harshavardhan, Brahmanandam, Sana Khaan, Bharath Reddy, Melkote, Sri Lakshmi, Ravi Prakash, M.S. Bhaskar, Thalaivasal Vijay, Kumaravel, Prithvi, Satyam Rajesh",It is up to Ravi (Nagarjuna) who has to rescue a flight from Chennnai to Delhi which is hijacked by Yousuf Khan 's men.,7.1,883,,,,,8,2
61080,tt1706620,Snowpiercer,Snowpiercer,2013,27-02-14,"Action, Drama, Sci-Fi",126,"South Korea, Czech Republic","English, Korean, French, Japanese, Czech, German",Bong Joon Ho,"Jacques Lob, Benjamin Legrand",SnowPiercer,"Chris Evans, Kang-ho Song, Ed Harris, John Hurt, Tilda Swinton, Jamie Bell, Octavia Spencer, Ewen Bremner, Ko Asung, Alison Pill, Luke Pasqualino, Vlad Ivanov, Adnan Haskovic, Emma Levie, Steve Park","In a future where a failed climate-change experiment has killed all life except for the lucky few who boarded the Snowpiercer, a train that travels around the globe, a new class system emerges.",7.1,307353,$ 39200000,$ 4563650,$ 86758912,84,920,490
61030,tt1702543,Lucky,Lucky,2011,20-07-12,Drama,100,South Africa,"Zulu, English, Hindi",Avie Luthra,"Avie Luthra, Avie Luthra",How Town Film Productions,"Sihle Dlamini, Jayashree Basavaraj, James Ngcobo, Vusi Kunene, Brenda Ngxoli, Magdaline le Roux, Mary Twala, Mduduzi Mabaso, Jabu Tshabalala, Kavitha Siverpersad, Yule Masiteng, Ronnie Nyakale","A 10-year-old South African orphan leaves his Zulu village to make his own life in the city... only to find no one will help him, except a formidable Indian woman.",7,240,$ 1500000,,,,5,21
61031,tt1703048,Naruto Shippuden il film: La torre perduta,Gekijouban Naruto Shippuuden: Za rosuto tawâ,2010,31-07-10,"Animation, Action, Adventure",85,Japan,Japanese,Masahiko Murata,"Masashi Kishimoto, Junki Takegami",Aniplex,"Junko Takeuchi, Chie Nakamura, Satoshi Hino, Rikiya Koyama, Nobuaki Fukuda, Kenji Hamada, Keiko Nemoto, Saori Hayami, Yumi Tôma, Yûko Kobayashi, Fujiko Takimoto, Mutsumi Tamura, Mayuki Makiguchi, Ryô Iwasaki, Daichi Endo","Our hero Naruto is caught in special chakra that propels him into the past. He finds himself in the City of Loran. As he encounters strange things, can he save the future with the past?",7,2651,,,$ 16537336,,3,4
61033,tt1703068,Kaitanshi jokei,Kaitanshi jokei,2010,18-12-10,Drama,152,Japan,Japanese,Kazuyoshi Kumakiri,"Yasushi Satô, Takashi Ujita",Cinema Iris,"Mitsuki Tanimura, Pistol Takehara, Ryô Kase, Kaho Minami, Masaki Miura, Takashi Yamanaka, Kaoru Kobayashi, Morio Agata, Yûko Itô, Hiromi Kuronuma, Ayako Moriya, Jun Murakami, Aki Nakazato, Shigeki Nishibori, Tatsushi Ohmori","In the city of Kaitan, during the winter, the local shipyard is downsized and workers are laid off. Futa (Pistol Takehara) lives with his younger sister Honami (Mitsuki Tanimura. He loses ...",7,133,$ 400000,,,,,10
61040,tt1703807,Depth of Pyaar,Depth of Pyaar,2019,17-11-19,"Crime, Drama, Family",93,Canada,"Hindi, Russian, English","Mukesh Asopa, Charles Ross","Mukesh Asopa, Mukesh Asopa",Asopa Films Incorporation,"Mukesh Asopa, Akshay Asopa, Siobhan Johnson, Jasmine Sawant, Raina Desai, Kamal Nandi, Lina Yakovlieva, Alina Lapteva, Steve Kasan, Gurbir Bal Gogo, Krzysztof Abbas, Omar Al Aufy, Guru Bhatt, Ariel Dasrath, Sean C. Dwyer","A film about two brothers - Yash is a charismatic young lawyer frustrated in his pursuit of justice, while Ansh is a social recluse due to his medical limitations - and how their lives are ...",7,283,,,,,26,
61077,tt1706593,Chronicle,Chronicle,2012,09-05-12,"Drama, Sci-Fi, Thriller",89,USA,English,Josh Trank,"Max Landis, Max Landis",Twentieth Century Fox,"Dane DeHaan, Alex Russell, Michael B. Jordan, Michael Kelly, Ashley Hinshaw, Bo Petersen, Anna Wood, Rudi Malcolm, Luke Tyler, Crystal-Donna Roberts, Adrian Collins, Grant Powell, Armand Aucamp, Nicole Bailey, Lynita Crofford",Three high school friends gain superpowers after making an incredible discovery underground. Soon they find their lives spinning out of control and their bond tested as they embrace their darker sides.,7,237285,$ 12000000,$ 64575175,$ 126636097,69,519,427
61091,tt1708135,Elser - 13 minuti che non cambiarono la storia,Elser,2015,09-04-15,"Biography, Drama, War",114,"Germany, Italy",German,Oliver Hirschbiegel,"Léonie-Claire Breinersdorfer, Fred Breinersdorfer",Lucky Bird Pictures,"Christian Friedel, Katharina Schüttler, Burghart Klaußner, Johann von Bülow, Felix Eitner, David Zimmerschied, Rüdiger Klink, Simon Licht, Cornelia Köndgen, Martin Maria Abram, Michael Kranz, Gerti Drassl, Lissy Pernthaler, Valentina Repetto, Anna Unterberger","In November 1939,",7,8081,,$ 161531,$ 1339103,58,26,103
61093,tt1708453,Aakrosh,Aakrosh,2010,15-10-10,"Action, Crime, Thriller",115,India,"Hindi, English",Priyadarshan,"Robin Bhatt, Aditya Dhar",Big Screen Entertainment,"Ajay Devgn, Akshaye Khanna, Bipasha Basu, Paresh Rawal, Reema Sen, Amita Pathak, Sameera Reddy, Rajendra Gupta, Atul Tiwari, Jaideep Ahlawat, Rajesh Bakshi, Raymond D'Souza, Abhishek Singh Er, Jayant Gadekar, Ashraf Ul Haq","The Central Bureau of Investigation deputes two officers to investigate the disappearance of three medical students, which they believe to be an incident of 'honour killing' in a small, closed community.",7,3245,,,$ 5148,,36,6
61044,tt1703914,Di si zhang hua,Di si zhang hua,2010,22-10-10,Drama,105,Taiwan,"Mandarin, Hokkien",Mong-Hong Chung,"Mong-Hong Chung, Hsiang-Wen Tu",3 Ng Film,"Shiao Hai Pi, Shih-Chieh King, Lei Hao, Leon Dai, Na-Dou Lin, Terri Kwan, Pei-An Lo, Vincent Liang, Kuo-Hung Li, Hsi-Sheng Chen, Chia-Kuei Chen","Ten year-old Xiang faces a lonely future after his father dies. Just when he thinks he's going to spend his life in the orphanage, his estranged mother shows up. And his life changes ...",6.9,322,,,$ 11254,,3,10
61078,tt1706596,Dirch,Dirch,2011,25-08-11,"Biography, Drama",116,Denmark,Danish,Martin Zandvliet,"Anders Frithiof August, Martin Zandvliet",Danmarks Radio (DR),"Nikolaj Lie Kaas, Lars Ranthe, Lars Brygmann, Malou Reymann, Morten Kirkskov, Frederikke Cecilie Berthelsen, Silja Eriksen Jensen, Laura Christensen, Sarah Grünewald, Martin Buch, Laura Bro, Marie Dietz, Alberte Elvira Nørregaard, Charlotte Amalie Kirkegaard Kehlet, Kristian Halken","A biography of the Danish actor and comedian,",6.9,2683,,,$ 5772688,,8,4
61014,tt1701186,Tungsten,Tungsten,2011,24-11-11,Drama,100,Greece,Greek,Giorgos Georgopoulos,Giorgos Georgopoulos,Multivision,"Prometheus Aleifer, Omiros Poulakis, Vangelis Mourikis, Tasos Nousias, Kora Karvouni, Aggeliki Anagnostopoulou, Marilena Savvakou, Lida Sivissidi, Yorgos Roussakis, Anna Marangaki, Thanos Mitropoulos, Panagiotis Antypas, Giorgos Georgopoulos, Kostas Kourtaras, Nikos Margaris","Two teenagers, a trolley ticket controller, a couple separating. Everyday, cross-cutting stories in an Athens with constant power outages.",6.8,525,,,,,4,35
61057,tt1704573,Bernie,Bernie,2011,22-06-12,"Biography, Comedy, Crime",99,USA,English,Richard Linklater,"Skip Hollandsworth, Richard Linklater",Mandalay Vision,"Jack Black, Shirley MacLaine, Matthew McConaughey, Brady Coleman, Richard Robichaux, Rick Dial, Brandon Smith, Larry Jack Dotson, Merrilee McCommas, Mathew Greer, Marjorie Dome, Tim Cariker, Fern Luker, Jack Payne, Sonny Carl Davis","In small-town Texas, an affable mortician strikes up a friendship with a wealthy widow, though when she starts to become controlling, he goes to great lengths to separate himself from her grasp.",6.8,56279,$ 5000000,$ 9206470,$ 10173061,75,161,239
61094,tt1708473,Gerry,Gerry,2011,15-06-11,Biography,131,Canada,French,Alain Desrochers,Nathalie Petrowski,Christal Films,"Mario Saint-Amand, Capucine Delaby, Marc-François Blondin, Eugene Brotto, Mathieu Lepage, Louis-David Morasse, Madeleine Péloquin, Éric Bruneau, Jonas Tomalty, Roberto Mei, Érika Gagnon, Luc Proulx, Jassen Charron, Antoine DesRochers, Laurent Lucas","Follows the life of Quebec's first rocker, Gerry Boulet, of Offenbach fame.",6.8,324,CAD 6000000,,,,2,2
61015,tt1701210,Il principe del deserto,Black Gold,2011,23-12-11,"Action, Drama, History",130,"France, Italy, Qatar, Tunisia",English,Jean-Jacques Annaud,"Menno Meyjes, Jean-Jacques Annaud",Quinta Communications,"Tahar Rahim, Antonio Banderas, Mark Strong, Freida Pinto, Riz Ahmed, Liya Kebede, Corey Johnson, Akin Gazi, Eriq Ebouaney, Lotfi Dziri, Jan Uddin, Hichem Rostom, Taoufik Ayeb, Mostafa Gaafar, Driss Roukhe","Set in the 1930s Arab states at the dawn of the oil boom, the story centers on a young Arab prince torn between allegiance to his conservative father and modern, liberal father-in-law.",6.7,11078,EUR 40000000,,$ 5452142,32,42,77
61029,tt1702439,Vicino a te non ho paura,Safe Haven,2013,14-02-13,"Drama, Romance, Thriller",115,USA,"English, Portuguese",Lasse Hallström,"Dana Stevens, Gage Lansky",Relativity Media,"Julianne Hough, Irene Ziegler, Jon Kohler, Tim Parati, David Lyons, Josh Duhamel, Giulia Pagano, Juan Piedrahita, Red West, Noah Lomax, Mimi Kirkland, Robin Mullins, Jasper Grey, Tora Hallström, Wendy Wilmot","A young woman with a mysterious past lands in Southport, North Carolina where her bond with a widower forces her to confront the dark secret that haunts her.",6.7,102481,$ 28000000,$ 71349120,$ 97594140,34,201,188
61037,tt1703148,The Hunter,The Hunter,2011,06-10-11,"Adventure, Drama, Thriller",102,Australia,English,Daniel Nettheim,"Alice Addison, Wain Fimeri",Porchlight Films,"Willem Dafoe, Frances O'Connor, Sam Neill, Morgan Davies, Finn Woodlock, Jacek Koman, Callan Mulvey, John Brumpton, Dan Wyllie, Sullivan Stapleton, Jamie Timony, Dan Spielman, Maia Thomas, Marc Watson-Paul","Martin, a mercenary, is sent from Europe by a mysterious biotech company to the Tasmanian wilderness on a hunt for the last Tasmanian tiger.",6.7,36257,,$ 176669,$ 1680778,63,111,160
61059,tt1704586,Un'allenatrice speciale,From the Rough,2013,25-04-14,"Drama, Sport",97,USA,English,Pierre Bagley,"Pierre Bagley, Mike Critelli",From The Rough Productions,"Michael Clarke Duncan, Taraji P. Henson, Tom Felton, Henry Simmons, Justin Chon, Dana Gourrier, James Saito, Hunter Burke, Robert Bailey Jr., LeToya Luckett-Walker, Griff Furst, Carol Sutton, J. Patrick McNamara, Jaren Mitchell, Ben Youcef",Dr. Catana Starks made history as the first woman and the first African American woman to coach a men's college golf team.,6.7,869,$ 6500000,,,,16,2
61005,tt1700458,Eine Insel namens Udo,Eine Insel namens Udo,2011,16-06-11,"Comedy, Romance",80,Germany,German,Markus Sehr,"Clemente Fernandez-Gil, Markus Sehr",HUPE Film- & Fernsehproduktion,"Kurt Krömer, Fritzi Haberlandt, Bernd Moss, Kari Ketonen, Jan-Gregor Kremp, Maja Beckmann, Hans Martin Stier, Carsten Strauch, Rolf Berg, Nedjo Osman, Johanna Gastdorf, Heinz W. Krückeberg, Petra Nadolny, Thierry Liebing, Daniel Drewes","Udo is invisible - no one ever seems to notice him. He makes the most of it, working as a department store detective and living off other people's lives as they never notice him tagging along. Until he meets the one woman who sees him.",6.6,483,,,$ 727450,,1,16
61049,tt1703957,Genius,Genius,2016,09-11-16,"Biography, Drama",104,"UK, USA",English,Michael Grandage,"John Logan, A. Scott Berg",Desert Wolf Productions,"Colin Firth, Jude Law, Nicole Kidman, Laura Linney, Guy Pearce, Dominic West, Vanessa Kirby, Gillian Hanna, Angela Sant'Albano, Eve Bracken, Katya Watson, Lorna Doherty, Makenna McBrierty, Miquel Brown, Corey Johnson","A chronicle of Max Perkins's time as the book editor at Scribner, where he oversaw works by",6.6,17408,,$ 1361045,$ 7435006,56,62,126
61018,tt1701224,My Name Is 'A' by Anonymous,My Name Is 'A' by Anonymous,2012,19-10-12,"Crime, Mystery, Thriller",90,USA,"French, Russian, Polish, English",Shane Ryan,Shane Ryan,Mad Sin Cinema,"Katie Marsh, Demi Baumann, Teona Dolnikova, Alex Damiano, Kaliya Skye, Joseph Marsh, Sean Cain, Domiziano Arcangeli","Inspired by true events. A nine year old girl disappears and is later found murdered. The movie exploits the events leading up to the death of the girl, why did it happen? What lies beneath...",6.5,1265,$ 300,,,,10,125
61020,tt1701992,Gadkiy utyonok,Gadkiy utyonok,2010,16-09-10,"Animation, Family, Musical",75,Russia,Russian,Garri Bardin,"Hans Christian Andersen, Garri Bardin",Stayer Studio,"Khor Turetskogo, Svetlana Stepchenko, Armen Dzhigarkhanyan, Konstantin Raykin, Vladimir Spivakov, Yuliya Rutberg, Vladimir Kachan, Grigoriy Anashkin, Lyubov Matyushina","Adapted from the Andersen tale and played out in musical comedy mode, The Ugly Duckling is set in a farmyard where roosters, hens, ducks and geese live and lay eggs together. One fine day, ...",6.5,209,$ 1500000,,$ 162484,,1,6
61073,tt1706414,Kray,Kray,2010,23-09-10,"Adventure, Drama, History",124,Russia,"Russian, German",Aleksey Uchitel,"Aleksandr Gonorovskiy, Aleksandr Gonorovskiy",Channel One Russia,"Vladimir Mashkov, Anjorka Strechel, Yuliya Peresild, Sergey Garmash, Aleksey Gorbunov, Vyacheslav Krikunov, Aleksandr Bashirov, Evgeniy Tkachuk, Vladas Bagdonas, Anna Ukolova, Ruben Karapetyan, Vadim Yakovlev, Axel Schrick, Timm Sebastian Peltner, Boris Lapidus","In 1945, Soviet war hero Ignat is sent to work as a locomotive mechanic in a Siberian labor camp where he meets an assortment of Germans and Russians.",6.5,2849,$ 11000000,,$ 5380142,,16,25
61097,tt1708491,Malarvaadi Arts Club,Malarvaadi Arts Club,2010,16-07-10,"Comedy, Drama",122,India,Malayalam,Vineeth Sreenivasan,Vineeth Sreenivasan,,"Nivin Pauly, Shraavan, Bhagath Baby Manuel, Aju Varghese, Harikrishnan, Apoorva Bose, Nedumudi Venu, Jagathi Sreekumar, Suraj Venjaramoodu, Sreenivasan, Manikandan, Kottayam Nazeer, Sreejith, Salim Kumar, Sreeram Ramachandran",Five friends are disappointed about the way their favorite hangout Malarvaadi Arts Club is headed. They take the responsibility of reviving the club in their own hands.,6.5,451,,,,,2,
61004,tt1700455,Cerro Bayo,Cerro Bayo,2010,18-08-11,"Comedy, Drama",86,Argentina,Spanish,Victoria Galardi,Victoria Galardi,MyS Producción,"Adriana Barraza, Inés Efron, Verónica Llinás, Nahuel Pérez Biscayart, Guillermo Arengo, Marcela Kloosterboer, Adela Gleijer, Eugenia Alonso, Juan Barberini, Elisa Carricajo, Julio Arrieta, Nicolas Silberg","In a small town near a winter resort in the mountains of Argentina, Juana tries to commit suicide but ends up in a coma instead, to the great pain of her daughter Marta. Her other daughter ...",6.4,146,$ 650000,,$ 43458,,,1
61082,tt1706679,Et in terra pax,Et in terra pax,2010,27-05-11,"Crime, Drama",89,Italy,Italian,"Matteo Botrugno, Daniele Coluccini","Matteo Botrugno, Matteo Botrugno",Kimerafilm,"Maurizio Tesei, Ughetta D'Onorascenzo, Michele Botrugno, Germano Gentile, Fabio Gomiero, Simone Crisari, Riccardo Flammini, Paolo Perinelli, Paola Marchetti, Alessandra Sani, Sandra Conti, Blu Lepore, Gabriele Sisci, Sergio Chimenti, Anna Greggi","In a neighborhood on the outskirts of Rome the crime, drugs and graffiti are pervasive. A large apartment complex seems to be a prison for the inhabitants. Marco returns to the hood after ...",6.4,132,EUR 100000,,$ 34007,,1,3
61002,tt1700258,Kokowääh,Kokowääh,2011,03-02-11,Comedy,123,Germany,German,Til Schweiger,"Béla Jarzyk, Til Schweiger",Barefoot Films,"Numan Acar, Meret Becker, Gode Benedix, Anne-Sophie Briest, Samuel Finzi, Jasmin Gerat, Anna Julia Antonucci, Friederike Kempter, Torsten Künstler, Mimi Fiedler, Misel Maticevic, Genoveva Mayer, Sönke Möhring, Jana Reinermann, Jessica Richter","Henry is a handsome screenwriter who is trying to win the heart of the woman he truly loves. His plans are interrupted when he finds Magdalena, a little girl at his house.",6.3,9107,EUR 5650000,,$ 50448784,,5,13
61021,tt1701993,Han jia,Han jia,2010,23-02-11,Drama,91,China,Mandarin,Hongqi Li,Hongqi Li,Inner Mongolia Film Studio,"Jinfeng Bai, Lei Bao, Hui Wang, Ying Xie, Naqi Zhang","An ordinary village in Northern China, the last day of the winter vacation. Four idle, aimless adolescents gather at Zhou Zhixin's home, a friend who lives with his father, brother and ...",6.3,252,,,,,3,18
61075,tt1706450,Molke Soleiman,Molke Soleiman,2010,07-10-10,"Action, Drama, History",110,Iran,Persian,Shahriar Bahrani,Shahriar Bahrani,Farabi Cinema Foundation,"Amin Zendegani, Mahmood Pakniat, Elham Hamidi, Hossein Mahjoub, Alireza Kamalinejad, Zahra Saeedi, Mehdi Faghih, Javad Taheri, Sirous Saber, Akbar Mannani, Somayyeh Rahnemun, Arshia Zeinali","Solomon, Prophet and the King, has asked God to give him an ideal kingdom which has never been given to anybody before. He is told to prepare himself and his subjects with evil and unearthly creatures that haunt the men.",6.3,3597,$ 5000000,,,,8,2
61090,tt1708133,García,García,2010,13-08-10,"Comedy, Drama",97,"Colombia, Brazil","Portuguese, Spanish",José Luis Rugeles,Diego Vivanco,Rhayuela Cine,"Damián Alcázar, Margarita Rosa de Francisco, Fabio Restrepo, Victor Hugo Morant, Giulio Lopes, Rui Resende, Ximena Palau, Daniel Páez","Garcia has managed to accomplish his wedding promise to his wife, Amalia: buy her a wretched farm outside the city, which is far from his wife's dream. But life turns unexpectedly as he arrives home and finds Amalia missing.",6.3,164,$ 1000000,,,,,
61003,tt1700423,Gooische Vrouwen,Gooische Vrouwen,2011,10-03-11,"Comedy, Drama",105,Netherlands,Dutch,Will Koopman,Frank Houtappels,Column Film,"Linda de Mol, Susan Visser, Tjitske Reidinga, Lies Visschedijk, Peter Paul Muller, Derek de Lint, Leopold Witte, Daniël Boissevain, Oscar Aerts, Arnoud Bos, Treyshawn Boutisma, Lisa Bouwman, Iwan Dam, Maik de Boer, Tina de Bruin","As Cheryl's husband continues to ogle other women and Claire's daughter and grandson leave, the ladies decide they deserve a trip to Paris.",6.2,2639,,,$ 22194574,,1,4
61010,tt1700808,Fast Girls,Fast Girls,2012,15-06-12,"Drama, Sport",91,UK,English,Regan Hall,"Noel Clarke, Jay Basu",British Film Institute (BFI),"Lenora Crichlow, Phil Davis, Jamie Howard, Jahvel Hall, Richie Campbell, Tiana Benjamin, Chani Bentsi-Enchill, Miles Constable, Michelle Joseph, Lily James, Rupert Graves, Emma Fielding, Louise Ford, Chloe Michaud, Mark Penfold",A street smart runner develops an intense rivalry with an equally ambitious wealthy young athlete.,6.2,3289,,,$ 1207241,,20,36
61012,tt1700844,Il profondo mare azzurro,The Deep Blue Sea,2011,25-11-11,"Drama, Romance",98,"UK, Australia",English,Terence Davies,"Terence Rattigan, Terence Davies",Camberwell / Fly Films,"Ann Mitchell, Jolyon Coy, Karl Johnson, Rachel Weisz, Simon Russell Beale, Tom Hiddleston, Harry Hadden-Paton, Sarah Kants, Oliver Ford Davies, Barbara Jefford, Mark Tandy, Stuart McLoughlin, Nicholas Amer",The wife of a British Judge is caught in a self-destructive love affair with a Royal Air Force pilot.,6.2,14574,,$ 1126525,$ 3143316,82,87,189
61028,tt1702429,Eisenstein in Messico,Eisenstein in Guanajuato,2015,04-06-15,"Biography, Comedy, Drama",105,"Netherlands, Belgium, Finland, Mexico, France","English, Spanish",Peter Greenaway,Peter Greenaway,Submarine,"Elmer Bäck, Luis Alberti, José Montini, Cristina Velasco Lozano, Rasmus Slätis, Jakob Öhrman, Sara Juárez, Alaín Vargas, Maya Zapata, Gustavo Galván, Emiliano Morales, Anna Knaifel, Alenka Rios, Lisa Owen, Stelio Savante","The venerated filmmaker Eisenstein is comparable in talent, insight and wisdom, with the likes of Shakespeare or Beethoven; there are few - if any - directors who can be elevated to such ...",6.2,2507,EUR 2472000,$ 34282,$ 95860,60,11,103
61041,tt1703824,Kong Curling,Kong Curling,2011,23-09-11,"Comedy, Sport",90,Norway,Norwegian,Ole Endresen,"Atle Antonsen, Ole Endresen",4 1/2 Film,"Atle Antonsen, Linn Skåber, Kåre Conradi, Ingar Helge Gimle, Jon Øigarden, Jan Sælid, Steinar Sagen, Else Kåss Furuseth, Ane Dahl Torp, Anne Marit Jacobsen, Ulf Brunnberg, Harald Eia, Bård Tufte Johansen, Egil Hegerberg, Kiran Shah",Curling skip Truls Pålsen's team has to make a come back after suffering from psychic problems with oversizing details.,6.2,2105,NOK 16100000,,$ 2590137,,4,19
61054,tt1704161,33 Postcards,33 Postcards,2011,02-09-11,"Crime, Drama, Music",97,"China, Australia","English, Mandarin",Pauline Chan,"Pauline Chan, Philip Dalkin",Portal Pictures,"Guy Pearce, Zhu Lin, Claudia Karvan, Elaine Jin, Rhys Muldoon, Lincoln Lewis, Terry Serio, Matt Nable, Kain O'Keeffe, Claire Scott, Clayton Watson, Xiang-Yun Lin, Gary Xu, Colin Burkenshaw, Thomas Jackson","Dean Randall has sponsored Mei Mei, a young Chinese orphan, for many years. When she arrives in Sydney out of the blue to thank him, their lives are changed forever.",6.2,1006,AUD 3000000,,$ 7547,33,17,23
61061,tt1705064,Genji monogatari: Sennen no nazo,Genji monogatari: Sennen no nazo,2011,10-12-11,"Drama, Fantasy",136,Japan,Japanese,Yasuo Tsuruhashi,"Shikibu Murasaki, Yukiko Takayama",Kadokawa Pictures,"Tôma Ikuta, Miki Nakatani, Yôko Maki, Mikako Tabe, Sei Ashina, Rena Tanaka, Noriyuki Higashiyama, Yôsuke Kubozuka, Takaaki Enoki, Masahiro Kômoto, Shigeru Muroi, Matsuya Onoe, Misako Renbutsu, Yoshiko Sakuma, Yasunari Takeshima","""Genji Monogatari"" focuses on the love and hate relationships surrounding Hakaru Genji. Lady Fujitsubo is Genji's first love. Miyasutokoro Ryokuzono is obsessed with Genji and eventually ...",6.2,129,$ 10000000,,$ 17295465,,1,1
61001,tt1699758,Adikos kosmos,Adikos kosmos,2011,02-02-12,"Comedy, Crime, Drama",107,"Greece, Germany, France",Greek,Filippos Tsitos,"Dora Masklavanou, Filippos Tsitos",Greek Film Center,"Christos Stergioglou, Makis Papadimitriou, Antonis Kafetzopoulos, Minas Hatzisavvas, Theodora Tzimou, Yorgos Tsemberopoulos, Giorgos Souxes, Lefteris Charitos, Kostas Falelakis, Sofia Seirli, Nikatsas, Giorgos Kafetzopoulos, Hristos Liakopoulos, Konstantinos Plemmenos, Stavros Markonis","Sotiris is a police interrogator. One day he decides to pardon every poor person to whom life has been cruel. Intending to save an innocent soul, he goes as far as to commit a crime. Dora, ...",6.1,554,,,$ 41012,,,12
61006,tt1700467,L'art d'aimer,L'art d'aimer,2011,23-11-11,"Comedy, Romance",85,France,French,Emmanuel Mouret,Emmanuel Mouret,Moby Dick Films,"Emmanuel Mouret, Pascale Arbillot, Ariane Ascaride, Frédérique Bel, François Cluzet, Julie Depardieu, Judith Godrèche, Louis-Do de Lencquesaing, Philippe Magnan, Stanislas Merhar, Élodie Navarre, Laurent Stocker, Gaspard Ulliel, Michaël Cohen, Mélanie Chaney",The Art of Love (L'art d'aimer) is composed of several chapters following several Parisian couples. Isabelle (Julie Depardieu) has not had sex in a year. She declines an offer from her ...,6.1,1516,,,$ 1999775,,5,30
61008,tt1700489,Majka asfalta,Majka asfalta,2010,22-07-10,Drama,107,Croatia,Croatian,Dalibor Matanic,"Tomislav Zajec, Dalibor Matanic",Kinorama,"Marija Skaricic, Janko Popovic Volaric, Kresimir Mikic, Noa Nikolic, Ozren Grabaric, Judita Frankovic, Lana Baric, Franjo Dijak, Niksa Butijer, Biserka Ipsa, Ksenija Pajic, Petra Maroja, Ljiljana Bogojevic, Zeljko Königsknecht","An abused wife leaves her husband, takes her child away and goes to live in a car.",6.1,332,,,,,1,
61011,tt1700841,Sausage Party - Vita segreta di una salsiccia,Sausage Party,2016,31-10-16,"Animation, Adventure, Comedy",89,"USA, Canada",English,"Greg Tiernan, Conrad Vernon","Kyle Hunter, Ariel Shaffir",Annapurna Pictures,"Alistair Abell, Iris Apatow, Sugar Lyn Beard, Michael Cera, Ian James Corlett, Michael Daingerfield, Brian Dobson, Michael Dobson, James Franco, Bill Hader, Ian Hanlin, Salma Hayek, Maryke Hendrikse, Jonah Hill, Anders Holm",A sausage strives to discover the truth about his existence.,6.1,171982,$ 19000000,$ 97685686,$ 140705322,66,553,312
61013,tt1700845,The Invisible Woman,The Invisible Woman,2013,21-02-14,"Biography, Drama, History",111,UK,"English, French",Ralph Fiennes,"Abi Morgan, Claire Tomalin",BBC Films,"Felicity Jones, John Kavanagh, Tom Attwood, Susanna Hislop, Tom Burke, Tommy Curson-Smith, David Collings, Michael Marcus, Kristin Scott Thomas, Perdita Weeks, Ralph Fiennes, Richard McCabe, Gabriel Vick, Mark Dexter, Joseph Paxton","At the height of his career, Charles Dickens (Ralph Fiennes) meets a younger woman who becomes his secret lover until his death.",6.1,9161,,$ 1234254,$ 3986888,75,58,158
61016,tt1701215,Future Weather,Future Weather,2012,29-04-12,Drama,100,USA,English,Jenny Deller,Jenny Deller,Future Weather Productions,"Perla Haney-Jardine, Lili Taylor, Amy Madigan, Marin Ireland, William Sadler, Anubhav Jain, Jenny Dare Paulin, Michael Porter, Moriah Cebollero, Marc Forget, Jessica Hoffman, Marlena Kalm, Jennifer Layne Park, Peter Patrikios, Ernesto Rosas","When her single mom runs off to California, Lauduree, a passionate environmentalist, clings to her rural home and a carbon sequestration experiment. But her grandmother Greta, a caustic ...",6.1,490,,,,67,5,16
61038,tt1703199,ESP - Fenomeni paranormali,Grave Encounters,2011,01-06-11,"Adventure, Fantasy, Horror",92,Canada,English,"Colin Minihan, Stuart Ortiz","The Vicious Brothers, Stuart Ortiz",Digital Interference Productions,"Ben Wilkinson, Sean Rogerson, Ashleigh Gryzko, Merwin Mondesir, Juan Riedinger, Shawn Macdonald, Arthur Corber, Bob Rathie, Fred Keating, Max Train, Martha Eason, Luis Javier, Mackenzie Gray, Eva Gifford, Michele Cummins","For their ghost hunting reality show, a production crew locks themselves inside an abandoned mental hospital that's supposedly haunted - and it might prove to be all too true.",6.1,51382,CAD 100000,,$ 4055919,33,297,131
61062,tt1705113,"Joshua Tree, 1951: A Portrait of James Dean","Joshua Tree, 1951: A Portrait of James Dean",2012,01-06-15,"Biography, Drama, Horror",93,USA,"English, French",Matthew Mishory,Matthew Mishory,Iconoclastic Features,"James Preston, Dan Glenn, Clare Grant, Erin Daniels, Rafael Morais, Edward Singletary, Darri Ingolfsson, Edgar Morais, Dalilah Rain, Christopher Higgins, Clint Catalyst, Jay Donnell, Tony Herbert, Elizabeth Hirsch-Tauber, David Pevsner","Joshua Tree, 1951 is the provocative and mesmerizing experimental portrait of an icon.",6.1,810,$ 1000000,,,,15,41
61079,tt1706598,Ogni cosa è segreta,Every Secret Thing,2014,20-04-14,"Crime, Drama, Mystery",93,USA,English,Amy Berg,"Nicole Holofcener, Laura Lippman",Hyde Park Entertainment,"Diane Lane, Brynne Norquist, Eva Grace Kellner, Lily Pilblad, Skyla Rose, Clare Foley, Paige King, Lance Hubbard Jr., Danielle Macdonald, Dakota Fanning, Tonye Patano, Curtis McClarin, Roslyn Ruff, Hayden Johnson, Sarah Sokolovic","A detective looks to unravel a mystery surrounding missing children and the prime suspects: two young women who, seven years ago, were put away for an infant's death.",6.1,6933,,$ 103536,$ 124733,46,27,30
61085,tt1707384,Kôkô debyû,Kôkô debyû,2011,01-04-11,"Comedy, Romance",93,Japan,Japanese,Tsutomu Hanabusa,"Kazune Kawahara, Yûichi Fukuda",Asmik Ace Entertainment,"Junpei Mizobata, Ito Ono, Masaki Suda, Rina Aizawa, Yûki Furukawa, Sae Miyazawa, Yuka Masuda, Rei Okamoto, Elaiza Ikeda, Muga Tsukaji, Yôichi Nukumizu, Mitsumi Hiromura, Arisa Komiya, Keiko Mihira, Shohei Nanba","Haruna who devoted herself to softball decide to find a boyfriend in high school by instruction from Yoh, who is willingly to teach her how to get a boyfriend but with only one condition, don't fall in love with him at all.",6.1,522,,,$ 3242697,,4,1
61046,tt1703923,Vinyl,Vinyl,2012,15-03-13,Comedy,85,"USA, UK",,Sara Sugarman,"Jim Cooper, Sara Sugarman",H2O Motion Pictures,"Phil Daniels, Jamie Blackley, Perry Benson, Keith Allen, Julia Ford, Christopher Roy Turner, James Cartwright, Alexa Davies, Steve Diggle, Martin Gorst, Jynine James, Kamila Janska, Gareth Jones, Liam Manfredonia, Mike Peters",Aging rock group use a young fresh faced punk band to front new recordings to fool the music industry.,6,698,,,,,16,12
61048,tt1703942,Schuks Tshabalala's Survival Guide to South Africa,Schuks Tshabalala's Survival Guide to South Africa,2010,28-05-10,Comedy,91,South Africa,"English, Afrikaans",Gray Hofmeyr,"Leon Schuster, Gray Hofmeyr",Out of Africa Entertainment,"Leon Schuster, Alfred Ntombela, Sean Higgs, Matthew Dylan Roberts, Siobhan Hodgson, Emily Child, Karl Jansen, Maria Velanac, Brent Palmer, Helen Li, Guilherme Escobar, Mehboob Bawa, Shirley Nixon, Ronald France, Chris April","Schuks Tshabalala (Leon Schuster) and his sidekick, Shorty (Alfred Ntombela), are tasked with making a movie to promote tourism to South Africa. Instead this is a comedy loaded with pranks and zany dialogue.",6,166,,,$ 5194418,,2,1
61026,tt1702385,Polnische Ostern,Polnische Ostern,2011,12-05-11,"Comedy, Drama",94,"Germany, Poland","German, Polish",Jakob Ziemnicki,"Katrin Milhahn, Jakob Ziemnicki",Polyphon Film-und Fernsehgesellschaft,"Henry Hübchen, Grazyna Szapolowska, Paraschiva Dragus, Adrian Topol, Barbara Wysocka, Violetta Grafin Tarnowska Bronner, Leonie Brandis, Doris Kunstmann, Lukasz Garlicki, Waldemar Cudzik, Sigo Heinisch, Waléra Kanischtscheff, Tomek Nowicki, Sylwia Oksiuta, Radoslaw Krzyzowski","Grumpy baker Grabosch can't bear the thought that his granddaughter, now that her mother has died, will live with her Polish father. He must get Mathilda back, by all means.",5.8,136,,,$ 237048,,1,10
61035,tt1703125,Un giorno questo dolore ti sarà utile,Someday This Pain Will Be Useful to You,2011,24-02-12,Drama,95,"Italy, USA","English, Japanese",Roberto Faenza,"Peter Cameron, Roberto Faenza",Jean Vigo Italia,"Toby Regbo, Marcia Gay Harden, Peter Gallagher, Lucy Liu, Stephen Lang, Deborah Ann Woll, Ellen Burstyn, Aubrey Plaza, Gilbert Owuor, Dree Hemingway, Olek Krupa, Siobhan Fallon Hogan, Brooke Schlosser, Kyle Coffman, Jonny Weston",A vulnerable teenager with a deep perception of the world and no idea how to live in it.,5.8,2502,$ 8000000,,$ 666922,20,12,14
61065,tt1705126,Nesting,Nesting,2012,11-05-12,"Comedy, Romance",93,USA,English,John Chuldenko,"Sean Blythe, John Chuldenko",Danger Train Films,"Todd Grinnell, Ali Hillis, Kevin Linehan, Erin Chambers, Erin Gray, John Gerbin, Wes Armstrong, Alexi Wasser, Ian Jensen, Sorel Carradine, Christine Barger, Devin Barry, Jake Borelli, John Chuldenko, Xandra Clark","When a thirty-something couple set aside the home furnishings catalogue and decide to rekindle their relationship, they return to their old neighborhood and end up squatting illegally in their twenty-something lives.",5.8,217,,,,34,,5
61095,tt1708483,Irumbukkottai Murattu Singam,Irumbukkottai Murattu Singam,2010,07-05-10,Drama,143,India,Tamil,Chimbudeven,Chimbudeven,AGS Entertainment,"Lawrence Raghavendra, Padmapriya, Raai Laxmi, Sandhya, Nassar, Sai Kumar, M.S. Bhaskar, Ramesh Khanna, Ilavarasu, Vaiyapuri, Mouli, Aachi Manorama, Senthil, Delhi Ganesh, V.S. Raghavan",A story of mistaken identities in 17th century.,5.8,266,$ 3000000,,,,1,
61019,tt1701990,Detention - Terrore al liceo,Detention,2011,13-04-12,"Comedy, Horror, Mystery",95,USA,English,Joseph Kahn,"Joseph Kahn, Mark Palermo",Detention Films (II),"Alison Woods, Logan Stalarow, Julie Dolan, Shanley Caswell, Daniel Negreanu, Will Wallace, Josh Breeding, Marco Garcia, Josh Hutcherson, Mickey River, Jesse Heiman, Joseph Keane, Percy Daggs III, Parker Bagley, Marque Richardson","As a copycat killer named after movie villain Cinderhella stalks the student body at Grizzly Lake High School, a group of co-eds band together to survive while serving detention.",5.7,14712,$ 10000000,,,45,86,115
61039,tt1703231,Dimensions,Dimensions,2011,21-09-11,"Drama, Sci-Fi",101,UK,English,Sloane U'Ren,Antony Neely,Sculptures of Dazzling Complexity,"Henry Lloyd-Hughes, Camilla Rutherford, Patrick Godfrey, Olivia Llewellyn, Sean Hart, Edward Halsted, Richard Heffer, Georgina Rich, James Greene, Sam Harrison, Hannah Carson, George Thomas, Siân Mayhall-Purvis, Shaun Lucas","Cambridge, England, 1921 - or so it seems. A brilliant young scientist becomes obsessed with finding a way back to his past - no matter what the cost.",5.7,477,GBP 100000,,,,16,8
61050,tt1703958,Ek Main Aur Ekk Tu,Ek Main Aur Ekk Tu,2012,17-02-12,"Comedy, Drama, Romance",110,India,Hindi,Shakun Batra,"Shakun Batra, Ayesha DeVitre",Dharma Productions,"Kareena Kapoor, Imran Khan, Ram Kapoor, Boman Irani, Ratna Pathak Shah, Zenobia Shroff, Anju Mahendru, Mukul Chadda, Akshat Verma, Manasi Scott, Rajesh Khattar, Bosco Martis, Soniya Mehra, Deepti Datt, Ayesha DeVitre",A few drinks too many leads an uptight architect and quick-witted hairstylist to marry in Las Vegas. Can a mistake lead to friendship and love?,5.7,6304,,$ 1155545,$ 2293823,,31,30
61060,tt1704680,A Decent Arrangement,A Decent Arrangement,2011,07-11-14,"Comedy, Drama",96,"USA, India",English,Sarovar Banka,Sarovar Banka,Secret Pact Productions,"Shabana Azmi, Diksha Basu, Adhir Bhat, Adam Laupus, Lethia Nall, Shriya Sharma","A Decent Arrangement is the story of Ashok Khosla, an Indian-American copywriter, who travels to India for an arranged marriage. After he encounters an American woman traveling through ...",5.7,223,,,,,4,1
61076,tt1706470,Weekender,Weekender,2011,02-09-11,"Drama, Music",90,UK,English,Karl Golden,Chris Coghill,Benchmark Films,"Jack O'Connell, Zawe Ashton, Stephen Wight, Henry Lloyd-Hughes, Ben Batt, Dean Andrews, Sam Hazeldine, Emily Barclay, Perry Fitzpatrick, Richard Riddell, Carmen Muga, Tom Meeten, Iain McKee, Lara Goodison, Fergus O'Donnell","The rave scene has arrived from Ibiza and warehouse parties are exploding across the UK bringing phenomenal wealth to the organizers. In Manchester, best mates Matt and Dylan are in their early 20's and long to be more than just punters.",5.6,1739,,,$ 6327,35,20,11
61027,tt1702425,Casa de mi Padre,Casa de mi Padre,2012,11-05-12,"Comedy, Western",84,"USA, Mexico","Spanish, English",Matt Piedmont,"Andrew Steele, Eva Maria Peters",NALA Films,"Will Ferrell, Diego Luna, Pedro Armendáriz Jr., Genesis Rodriguez, Efren Ramirez, Adrian Martinez, Gael García Bernal, Manuel Urrego, Nick Offerman, Jerry Collins, Luis Carazo, Sandra Echeverría, Elijah Velarde, Alejandro Patiño, Eduardo Ricard","Scheming on a way to save their father's ranch, the Alvarez brothers find themselves in a war with Mexico's most feared drug lord.",5.5,20039,$ 6000000,$ 5909483,$ 8446952,52,76,137
61084,tt1707380,Ritorno alla vita,Every Thing Will Be Fine,2015,24-09-15,Drama,118,"Germany, Canada, France, Sweden, Norway",English,Wim Wenders,Bjørn Olaf Johannessen,Neue Road Movies,"James Franco, Peter Miller, Gilbert Wahiakeron, Claude Chamberlain, Rachel McAdams, Jack Fulton, Charlotte Gainsbourg, Céline Bonnier, Mary Katherine Harvey, Patrick Bauchau, Peter Stormare, Marie-Josée Croze, Jessy Gagnon, Lilah Fitzgerald, Philippe Vanasse-Paquet","One day, driving aimlessly around the outskirts of town after a trivial domestic quarrel, a writer named Tomas accidentally hits and kills a child. Will he be able to move on?",5.4,5804,$ 12000000,$ 9233,$ 554953,32,31,120
61000,tt1699755,Peeples,Peeples,2013,10-05-13,"Comedy, Romance",95,USA,English,Tina Gordon,Tina Gordon,34th Street Films,"Craig Robinson, Kerry Washington, David Alan Grier, S. Epatha Merkerson, Tyler James Williams, Melvin Van Peebles, Diahann Carroll, Kali Hawk, Kimrie Lewis, Malcolm Barrett, Ana Gasteyer, Briana Marin, Angelee Areu, Tuffy Questell, Jerome Preston Bates",Sparks fly when Wade Walker crashes the Peeples annual reunion in the Hamptons to ask for their precious daughter Grace's hand in marriage.,5.3,4608,$ 15000000,$ 9177065,$ 9307166,52,32,41
61066,tt1705134,State of Emergency,State of Emergency,2011,05-10-11,"Horror, Sci-Fi, Thriller",90,USA,English,Turner Clay,Turner Clay,Clay Bros. Motion Pictures,"Jay Hayden, Tori White, Scott Lilly, Kathryn Todd Norman, McKenna Jones, Loren Albanese, Andy Stahl, Clay Burke, Dan Collett, Chris Earley, Philip Carson, Gist Heinrich, Bret Hopkins, Eddie Napier, James Hendrix","Chaos consumes a small town when a chemical facility explodes releasing a deadly toxin. Moments after the leak, the town's residents show signs of mutation, causing the military to ...",5.3,2824,$ 1300000,,,,57,31
61088,tt1707392,Lovely Molly,Lovely Molly,2011,29-06-12,"Drama, Horror",100,USA,English,Eduardo Sánchez,"Jamie Nash, Eduardo Sánchez",Amber Entertainment,"Gretchen Lodge, Johnny Lewis, Alexandra Holden, Field Blauvelt, Ken Arnold, Tara Garwood, Camilla Zaidee Bennett, Kevin Murray, Doug Roberts, Dan Manning, Daniel Ross, Brandon Thane Wilson, Bus Howard, Josh Jones, Bethany Hoffman","Newlywed Molly moves into her deceased father's house in the countryside, where painful memories soon begin to haunt her.",5.3,9179,$ 1000000,$ 18464,$ 638274,50,95,99
61045,tt1703919,Pulsar,Pulsar,2010,19-01-11,"Drama, Mystery, Romance",91,Belgium,"Flemish, French, English, Dutch",Alex Stockman,Alex Stockman,Centre du Cinéma et de l'Audiovisuel de la Fédération Wallonie-Bruxelles,"Matthias Schoenaerts, Tine Van den Wyngaert, Andrea Bardos, Leah Chanmugam, Liesje De Backer, Jessica De Baere, Josse De Pauw, Sien Eggers, Korneel Hamers, Vincent Lecuyer, Jeff Otte, Stefan Perceval, Marit Stocker, Nico Sturm, Renee Sys","Samuel works in Brussels as a pharmaceutical delivery man. His gorgeous girlfriend Mireille heads off to New York to intern at a prestigious architecture firm. Shortly after her departure, ...",5.2,444,,,$ 29825,,2,13
61052,tt1704142,Der Atem des Himmels,Der Atem des Himmels,2010,03-09-10,"Drama, History, Romance",128,Austria,German,Reinhold Bilgeri,Reinhold Bilgeri,Bilgeri Films Production,"Beatrix Bilgeri, Jaron Löwenberg, Gerd Böckmann, Krista Stadler, Ernst Konarek, Erwin Leder, Lena Reichmuth, Julia Gschnitzer, Laura Bilgeri, Eric Judor, Eisi Gulp, Michael-Joachim Heiss, Marianne Pardeller, Martin Maria Abram, Birgit Melcher",The story is based on the worst avalanche catastrophe that ever took place in the Alps.,5.1,106,,,$ 620346,,3,
61089,tt1707821,My Sucky Teen Romance,My Sucky Teen Romance,2011,15-03-11,"Comedy, Fantasy, Horror",77,USA,English,Emily Hagins,Emily Hagins,Cheesy Nuggets Productions,"Elaine Hurt, Patrick Delgado, Santiago Dietche, Lauren Lee, Tony Vespe, Lauren Vunderink, Devin Bonnée, Sam Eidson, Tina Rodriguez, Aaron Morgan, Harry Jay Knowles, Christopher Gonzalez, Rebecca Robinson, Ben Gonzalez, Megan Hagins","In this witty comedy from teen director Emily Hagins, young Kate visits a local comic convention and falls for good-hearted vampire Paul, but her friends are worried when she suddenly starts displaying eerie, undead qualities of her own.",5.1,421,,,,,9,29
61096,tt1708487,Kutty,Kutty,2010,14-01-10,"Action, Drama, Romance",157,India,Tamil,Mithran Jawahar,Sukumar,Gemini Film Circuit,"Vincent Ashokan, Swati Bhatia, Sammir Dattani, Dhanush, Rajyalakshmi, Radha Ravi, Shriya Saran, L. Srinath","Kutty, a kind young man, falls in love with Geeta, but she does not reciprocate his love. He continues to love her even after learning that she is in love with Arjun, her college-mate.",5.1,482,,,$ 110342,,,
61022,tt1701995,Homme au bain,Homme au bain,2010,22-09-10,Drama,72,France,"French, English",Christophe Honoré,Christophe Honoré,Les Films du Bélier,"François Sagat, Omar Ben Sellem, Chiara Mastroianni, Rabah Zahi, Kate Moran, Lahcen Elmazouzi, Andréas Leflamand, Ronald Piwele, Sebastian D'Azeglio, Sébastien Pouderoux, Dennis Cooper, Dustin Segura-Suarez","Between Gennevilliers and New York, Omar and Emmanuel go to great lengths to prove to each other they're no longer in love.",5,913,,,$ 4278,,6,13
61047,tt1703938,Gosa 2,Gosa 2,2010,28-07-10,Horror,84,South Korea,Korean,Seon-Dong Yu,,Core Contents Media,"Ah-Jin Choi, Jeong-eum Hwang, Chang-Wook Ji, Soo-Ro Kim, Hyun-Sang Kwon, Bo-ra Nam, Eun-bin Park, Ji-Yeon Park, Ho Joon Son, Seung-ah Yoon, Shi-Yoon Yoon",Death Bell 2: Bloody Camp is about a group of high school students and teachers who get locked in the school after the swimming instructor is murdered.,5,598,KRW 1100000000,,$ 5198289,,6,10
61081,tt1706625,The Girl Is in Trouble,The Girl Is in Trouble,2015,03-04-15,"Action, Crime, Thriller",90,USA,English,Julius Onah,"Julius Onah, Mayuran Tiruchelvam",Deerjen Films,"Columbus Short, Wilmer Valderrama, Alicja Bachleda, Jesse Spencer, Miriam Colon, Paz de la Huerta, Kareem Savinon, Mike Starr, Tom Pelphrey, Wass Stevens, J. Bernard Calloway, Omer Barnea, Paul Alves, Luis Ayala, Daniel Casanova","A Lower East Side bartender becomes entangled in a murder mystery involving a desperate woman, a missing drug dealer and the scion of a powerful investment firm.",4.9,845,,,,55,8,10
61042,tt1703826,Le café du pont,Le café du pont,2010,04-08-10,"Comedy, Drama, History",95,France,French,Manuel Poirier,"Manuel Poirier, Pierre Perret",Récifilms,"Bernard Campan, Cécile Rebboah, Thomas Durastel, Julien Demarty, Robert Garrouste, Bernard Le Gall, Sacha Bourdo, Loïc Baylacq, Philippe Mangione, Denis Haerens, Philippe Escande, Lucy Harrison, Jean-Louis Reynes, Cédrick Lanoë, Luca Sartori","Ten-year-old Pierrot is just another kid. For the time being, he grows with his younger brother Jeannot in a flat above ""Le Café du Pont"", run by his loving parents, a place that attracts ...",4.8,100,,,,,3,2
61070,tt1705952,Tarzan,Tarzan,2013,06-03-14,"Animation, Adventure, Drama",94,"Germany, USA",English,Reinhard Klooss,"Reinhard Klooss, Jessica Postigo",Constantin Film,"Kellan Lutz, Spencer Locke, Les Bubb, Joe Cappelletti, Brian Huskey, Mark Deklin, Jaime Ray Newman, Robert Capron, Jonathan Morgan Heit, Anton Zetterholm, Jason Hildebrandt, Trevor St. John, Craig Garner, Aaron Kissiov, Michael A. Grimm","Tarzan and Jane Porter face a mercenary army dispatched by the evil CEO of Greystoke Energies, a man who took over the company from Tarzan's parents, after they died in a plane crash.",4.8,12043,,,$ 44095996,,61,63
61034,tt1703122,Shirome,Shirome,2010,13-08-10,Horror,83,Japan,Japanese,Kôji Shiraishi,Kôji Shiraishi,Shirome Project Partners,"Kanako Momota, Ayaka Sasaki, Akari Hayami, Momoka Ariyasu, Reni Takagi, Eisuke Imani, Masataka Ishizaki, Kenjirô Kamishima, Yûko Sô, Shiori Tamai, Yuki Yoshida",Horror mockumentary about a school haunted by a wish-granting ghost that drags people off into hell if it deems their wish to be impure.,4.7,299,,,,,3,9
61087,tt1707391,4:44 L'ultimo giorno sulla Terra,4:44 Last Day on Earth,2011,19-12-12,"Drama, Fantasy, Sci-Fi",82,"USA, Switzerland, France",English,Abel Ferrara,Abel Ferrara,Fabula,"Shanyn Leigh, Willem Dafoe, Tony Redman, Pat Kiernan, Francis Kuipers, Selena Mars, Justin Restivo, Bojana Vasik, Trung Nguyen, Triana Jackson, Dierdra McDowell, Natasha Lyonne, Anita Pallenberg, Paul Hipp, José Solano",A look at how a painter and a successful actor spend their last day together before the world comes to an end.,4.6,4977,,$ 17801,$ 70851,54,49,78
61043,tt1703911,El callejón,El callejón,2011,14-10-11,"Horror, Thriller",76,"Spain, Mexico, Colombia",Spanish,Antonio Trashorras,Antonio Trashorras,Antena 3 Films,"Ana de Armas, Diego Cadavid, Leonor Varela, Judith Diakhate, Alfonso Rojas, Néstor Alfonso Ortiz, Frey Nicancio Díaz, Kimberley Tell, Paula Estrada, Karina Laverde",A young woman spends a night trapped inside a laundromat with a serial killer.,4.4,806,,,$ 786,,8,29
61092,tt1708427,Huang cun gong yu,Huang cun gong yu,2010,13-08-10,Horror,96,China,Mandarin,Chi-Leung Law,Chi Kwong Cheung,Beijing Poly-bona Film Distribution Company,"Shawn Yue, Yuqi Zhang, Xu Dai, Yang Li, Zefeng Li, Shuhan Liu, Zihan Qin, Yanming Wang",A group of college friends travel to a mysterious village to find a haunted mansion described in a romantic ghost story.,4.3,120,,,$ 3718710,,1,4
61025,tt1702016,We the Party,We the Party,2012,06-04-12,Comedy,105,USA,"English, French",Mario Van Peebles,,,"Mandela Van Peebles, Simone Battle, Moises Arias, Patrick Cage, Makaylo Van Peebles, Ryan Vigil, YG, Mario Van Peebles, Salli Richardson-Whitfield, Michael Jai White, Tommy 'Tiny' Lister, China Walker, Maya Van Peebles, B.K. Cannon, Quincy Brown","In Los Angeles, five high-school friends deal with romance, money, prom, college, sex, bullies, Facebook, fitting in, standing out, and finding themselves.",4.2,767,,,,48,7,7
61055,tt1704175,My Big Father,My Big Father,2009,2009,"Comedy, Drama",140,India,Malayalam,S.P. Mahesh,"Suresh Menon, Satheesh K. Sivan",,"Ajaykumar, Fathima Babu, Baburaj, Devan, Innocent, Jayaram, Kanakalatha, Kaniha, Salim Kumar, Majeed, Ambika Mohan, Narayanan Nair, Narayanankutty, Krishna Prabha, Kochu Preman","The film exhibits a deep bonding between a son, Alby (Jayaram), and his father, Kunjumon (Ajaykumar), a dwarf. Things changes after Kunjumon faces a critical accident , which affects Alby's marriage-life.",4.1,104,,,,,,
61072,tt1706317,Tezz,Tezz,2012,26-04-12,"Action, Crime, Drama",121,"UK, India",Hindi,Priyadarshan,"Robin Bhatt, Aditya Dhar",United 7 Entertainment,"Anil Kapoor, Ajay Devgn, Mohanlal, Kangana Ranaut, Zayed Khan, Boman Irani, Sameera Reddy, Philip Martin Brown, Sagar Arya, Dominic Power, Avika Gor, Puja Bhatt, Bhavna Pani, Mudit Kumar Nair, Cameron Singh","To revenge his past, Aakash Rana plants bomb in a train endangering lives of 500 passengers.",3.9,2137,INR 400000000,$ 229931,$ 405214,,22,20
61099,tt1708526,Halal police d'État,Halal police d'État,2011,16-02-11,"Comedy, Crime",98,France,French,Rachid Dhibou,"Eric Judor, Ramzy Bedia",EuropaCorp,"Eric Judor, Ramzy Bedia, Jean-Pierre Lazzerini, Anca Radici, Lannick Gautry, Frédéric Chau, Karl E. Landler, Jean-Baptiste Shelmerdine, Aryan Rahimian, Philippe Girard, Mostéfa Stiti, Youssef Hajdi, Mourad Lakehal, Mohamed Aroussi, Mostefa Zerguine","Someone is killing Parisians of Arab ethnicity. When an Algerian diplomat is murdered by the same assailant, two Algerian detectives are sent to help the French with the investigation and they have their own ways of doing things.",3.9,730,,,$ 6975269,,1,7
61017,tt1701218,Mysteria,Mysteria,2011,23-10-11,"Mystery, Thriller",98,USA,English,Lucius C. Kuert,Lucius C. Kuert,Arramis Films,"Robert Miano, Danny Glover, Martin Landau, Billy Zane, Michael Rooker, Meadow Williams, Peter Mark Richman, Silvia Spross, Gary A. Kauffman, David Bear, Gretchen Becker, Christa Bormann, Curt Clendenin, Court Dickert, William Dorfman","A once famous, and now washed-up, Hollywood Screenwriter, fighting to finish his latest script with an unrealistic deadline. He finds himself in the center of a murder investigation ...",3.8,530,$ 6000000,,,,13,3
61071,tt1705956,The Feed,The Feed,2010,31-10-10,Horror,73,USA,English,Steve Gibson,"Matt Edens, Steve Gibson",Fist In Post Films,"Seth Drick, Chip Facka, Brianna Healey, Jody Horn, Lloyd Kaufman, Melissa Mabus, Sam Nelsen, Andrew Shaffer, Scott Stieler","The wildly popular TV reality series, Ghost Chasers, is hitting its 4th year on the air; to commemorate this milestone, the members of the Ghost Chasers team have decided to broadcast their anniversary show out to the world live.",3.7,192,$ 15000,,,,4,11
61007,tt1700468,L'île,L'île,2011,03-05-11,"Adventure, Drama, Fantasy",94,"France, Reunion","French, German, Spanish",Olivier Boillot,Olivier Boillot,Ileprod,"Michel Béatrix, Cyrielle Debreuil, Paul Descombes, Kaddour Dorgham, Jérémy Duplot Jr.","In 1942, three men crash in the middle of the Atlantic Ocean and find shelter on a deserted island. As they explore their new surroundings, they discover they are not alone.",3.6,125,,,,,1,2
61058,tt1704578,Consinsual,Consinsual,2010,24-06-10,Drama,93,USA,English,Paul D. Hannah,Paul D. Hannah,One Truth Media,"Keena Ferguson, Siaka Massaquoi, Kathryn Taylor Smith, Leonard L. Thomas, Alexis Zibolis, Bryan Keith, Robert Joseph, Brienne Moore, Paul D. Hannah, Peppur Chambers, Lisa Dewitt, Doshanna Bell, Tanya Caravacci, Lamya Holley Clinton, Alfredo De Jesus","A couple who seems to have it all pushes their sex life to the edge. The story gets intertwined when an old flame, betrayal, lust and deceit enter the picture.",3.6,131,$ 50000,,,,3,1
61036,tt1703147,The Great Fight,The Great Fight,2011,19-02-13,"Action, Drama",81,USA,English,Sherri Kauk,Ken Del Vecchio,Justice for All Productions,"Robert Loggia, Martin Kove, Joyce DeWitt, Charles Durning, Eric Etebari, Thomas G. Waites, Angela Little, Tonye Patano, Jack Mulcahy, Erika Smith, Katarzyna Wolejnio, Deirdre Lorenz, Jackie Martling, Michael Rivera, Greg Nutcher","The rare story of an autistic sauvant, whose prodigious skill is fighting - and maybe more.",3.5,103,$ 2000000,,,,2,3
61064,tt1705125,Mysterious Island,Mysterious Island,2010,03-11-10,"Adventure, Fantasy, Horror",91,USA,English,Mark Sheppard,"Sholom Gelt, Cameron Larson",K2 Pictures (II),"Gina Holden, Lochlyn Munro, Pruitt Taylor Vince, Susie Abromeit, Mark Sheppard, J.D. Evermore, Edrick Browne, Caleb Michaelson, William Morgan Sheppard, Vincent C. Abadio, Jonathan Algood, Lucas Bernard, Grayling Bethancourt Jr., Raymond Blanchard, Marc Bowman",The likeliest group of travelers meet in the strangest way. A few become a tight group as they fight to stay alive in a world unlike they have ever seen.,3.5,893,$ 2500000,,,,20,9
61023,tt1702009,Strippers vs Werewolves,Strippers vs Werewolves,2012,27-04-12,"Action, Comedy, Crime",93,UK,English,Jonathan Glendening,"Pat Higgins, Phillip Barron",Black & Blue Films,"Adele Silva, Martin Compston, Billy Murray, Ali Bastian, Barbara Nedeljakova, Sarah Douglas, Simon Phillips, Martin Kemp, Alan Ford, Charlie Bond, Nick Nevern, Rita Ramnani, Steven Berkoff, Robert Englund, Lysette Anthony","When werewolf Mickey is accidentally killed in a strip club, the girls who work there have until the next full moon before his bloodthirsty wolf pack seek murderous retribution.",3,1889,,,,,32,52
61009,tt1700494,Türkler Cildirmis Olmali,Türkler Cildirmis Olmali,2009,27-11-09,"Action, Adventure, Comedy",100,Turkey,Turkish,Murat Aslan,Murat Aslan,Avsar Film,"Peker Açikalin, Önder K. Açikbas, Durul Bazan, Timur Acar, Erdem Akakçe, Ruhi Sari, Burhan Öçal, Oya Aydogan, Levent Özdilek, Erdal Tosun, Tuba Ünsal, Kadir Çöpdemir, Metin Belgin, Zeynep Beserler, Levent Ülgen",A rich Turkish family is captured by Somali pirates. Turkish government sends a team of cons to rescue them.,2.8,962,$ 4000000,,$ 1784156,,,1
61098,tt1708498,"Projekt dziecko, czyli ojciec potrzebny od zaraz","Projekt dziecko, czyli ojciec potrzebny od zaraz",2010,06-08-10,Comedy,80,Poland,Polish,Adam Dobrzycki,Adam Dobrzycki,ITI Cinema,"Dominika Ostalowska, Zbigniew Zamachowski, Tomasz Karolak, Michal Koterski, Marcin Sztabinski, Cezary Kosinski, Pawel Królikowski, Ewa Zietek, Aleksandra Poplawska, Pawel Burczyk, Artur Zawadzki, Anna Maria Buczek",,2.7,166,PLN 1200000,,$ 274244,,,
61056,tt1704201,Parasitic,Parasitic,2012,2012,"Horror, Sci-Fi",79,USA,English,Timothy Martin,Timothy Martin,Still Night Monster Movies,"Camille Balsamo, Amanda Beck, Carrie Carnes, Miguel de la Rosa, Isle Gallagher, James Garcia, Dan Gill, Bianca Holland, Bjorn Jiskoot Jr., Marcus Jordan, James Dean Lucé, Timothy Martin, Stephanie Mir, Margarita Neusheva, Julie Anne Prescott","A group of friends become trapped inside a nightclub with an unseen terror. Unable to escape, one at a time they fall victim to the ravenous, bloodthirsty beast.",2.1,645,,,,,15,9
61069,tt1705790,Inside the Whore,Inside the Whore,2012,03-10-12,Horror,90,Norway,"Norwegian, English",Reinert Kiil,Reinert Kiil,Kiil Produksjons,"Susanne Estelle, Lisa Barsten, Anniken Mjelde Sjo, Torgrim Ødegård, Linn Cathrine Sonflå, Heidi Ødegaard Mikkelsen, AnnaLee Dorazio, Irris Hollanes Lua, Kim Sønderholm, Therese Kruge, Aurora Huseth Bjørnhaug, Jørgen Langhelle, Vegar Hoel, Viktoria Winge, Dagrun Anholt","During the shooting of Reinart Kiil's feature film ""Inside the Whore"" a lot of mysterious things happen on set.",2,280,,,,,6,7
